Model,Accuracy
Logistic Regression,0.9806895711500975
Random Forest,0.9819078947368421
SVM,0.9841617933723197
