Model,Dataset,Accuracy,Precision,Recall,F1-score,Remarks
Logistic Regression,Primary Dataset,0.9792275828460039,0.9774837511606314,0.9828451394561792,0.9801571137620018,Strong baseline
Random Forest,Primary Dataset,0.9826388888888888,0.9839915868193503,0.9827284397245887,0.9833596076370643,Good ensemble model
SVM,Primary Dataset,0.9831262183235867,0.9815331010452961,0.9862294316723071,0.9838756621456429,Strong text classifier
BERT,Primary Dataset,0.953333333333333,0.9456869009584664,0.9641693811074918,0.9548387096774194,Advanced contextual NLP
